Workbook

Sheet Start Here
A1: CleanScene Hours Tracker
A2: Private: only Adam and the manager have access. Do not share this file.
A4: MANAGER: logging a shift (2 minutes, end of each day)
A5: 1. Open the 'Log a Shift' form (bookmark it on your phone), or go to the Hours Log tab.
A6: 2. One row = one person at one site for one shift.
A7: 3. Pick Employee and Client / Site from the dropdowns. Type Date, Start, End, Break minutes.
A8: 4. Add the Jobber visit # or a short note in column J (optional, helps the cross-check).
A9: 5. Grey columns (Hours, Region, Week of, Check) fill themselves. Never type in them.
A10: 6. If Check is not OK, fix the row the same day.
A12: RULES
A13: - Typing directly: use the first empty row. Never add rows after row 2001, never delete rows. Clear the cells instead.
A14: - New employee: add to Staff tab first. New client: add to Sites tab first (same name as in Jobber).
... A25: Duplicate? = same person, same site, same date twice. Future date = date is after today.

Sheet Hours Log
A1: Date | B1: Employee | C1: Client / Site | D1: Start | E1: End | F1: Break (min) | G1: Hours | H1: Region | I1: Week of (Mon) | J1: Jobber visit # / note | K1: Check | L1: Visit helper
G2: =IF(OR(A2="",D2="",E2=""),"",ROUND(MOD(E2-D2,1)*24-N(F2)/60,2)) | H2: =IF(C2="","",IFERROR(INDEX(Sites!$B$2:$B$501,MATCH(C2,Sites!$A$2:$A$501,0)),"?")) | I2: =IF(A2="","",A2-WEEKDAY(A2,3)) | K2: =IF(A2="","",IF(OR(B2="",C2="",D2="",E2=""),"Missing info",IF(ISNA(MATCH(B2,Staff!$A$2:$A$101,0)),"Unknown employee",IF(H2="?","Unknown site",IF(G2<=0,"Check times",IF(G2>12,"Over 12h",IF(COUNTIFS($L$2:$L$2001,L2)>1,"Duplicate?",IF(A2>TODAY(),"Future date","OK")))))))) | L2: =IF(A2="","",TEXT(A2,"yyyy-mm-dd")&"|"&B2&"|"&C2)
G3: =IF(OR(A3="",D3="",E3=""),"",ROUND(MOD(E3-D3,1)*24-N(F3)/60,2)) | H3: =IF(C3="","",IFERROR(INDEX(Sites!$B$2:$B$501,MATCH(C3,Sites!$A$2:$A$501,0)),"?")) | I3: =IF(A3="","",A3-WEEKDAY(A3,3)) | K3: =IF(A3="","",IF(OR(B3="",C3="",D3="",E3=""),"Missing info",IF(ISNA(MATCH(B3,Staff!$A$2:$A$101,0)),"Unknown employee",IF(H3="?","Unknown site",IF(G3<=0,"Check times",IF(G3>12,"Over 12h",IF(COUNTIFS($L$2:$L$2001,L3)>1,"Duplicate?",IF(A3>TODAY(),"Future date","OK")))))))) | L3: =IF(A3="","",TEXT(A3,"yyyy-mm-dd")&"|"&B3&"|"&C3)
G4: =IF(OR(A4="",D4="",E4=""),"",ROUND(MOD(E4-D4,1)*24-N(F4)/60,2)) | H4: =IF(C4="","",IFERROR(INDEX(Sites!$B$2:$B$501,MATCH(C4,Sites!$A$2:$A$501,0)),"?")) | I4: =IF(A4="","",A4-WEEKDAY(A4,3)) | K4: =IF(A4="","",IF(OR(B4="",C4="",D4="",E4=""),"Missing info",IF(ISNA(MATCH(B4,Staff!$A$2:$A$101,0)),"Unknown employee",IF(H4="?","Unknown site",IF(G4<=0,"Check times",IF(G4>12,"Over 12h",IF(COUNTIFS($L$2:$L$2001,L4)>1,"Duplicate?",IF(A4>TODAY(),"Future date","OK")))))))) | L4: =IF(A4="","",TEXT(A4,"yyyy-mm-dd")&"|"&B4&"|"&C4)
G5: =IF(OR(A5="",D5="",E5=""),"",ROUND(MOD(E5-D5,1)*24-N(F5)/60,2)) | H5: =IF(C5="","",IFERROR(INDEX(Sites!$B$2:$B$501,MATCH(C5,Sites!$A$2:$A$501,0)),"?")) | I5: =IF(A5="","",A5-WEEKDAY(A5,3)) | K5: =IF(A5="","",IF(OR(B5="",C5="",D5="",E5=""),"Missing info",IF(ISNA(MATCH(B5,Staff!$A$2:$A$101,0)),"Unknown employee",IF(H5="?","Unknown site",IF(G5<=0,"Check times",IF(G5>12,"Over 12h",IF(COUNTIFS($L$2:$L$2001,L5)>1,"Duplicate?",IF(A5>TODAY(),"Future date","OK")))))))) | L5: =IF(A5="","",TEXT(A5,"yyyy-mm-dd")&"|"&B5&"|"&C5)
G6: =IF(OR(A6="",D6="",E6=""),"",ROUND(MOD(E6-D6,1)*24-N(F6)/60,2)) | H6: =IF(C6="","",IFERROR(INDEX(Sites!$B$2:$B$501,MATCH(C6,Sites!$A$2:$A$501,0)),"?")) | I6: =IF(A6="","",A6-WEEKDAY(A6,3)) | K6: =IF(A6="","",IF(OR(B6="",C6="",D6="",E6=""),"Missing info",IF(ISNA(MATCH(B6,Staff!$A$2:$A$101,0)),"Unknown employee",IF(H6="?","Unknown site",IF(G6<=0,"Check times",IF(G6>12,"Over 12h",IF(COUNTIFS($L$2:$L$2001,L6)>1,"Duplicate?",IF(A6>TODAY(),"Future date","OK")))))))) | L6: =IF(A6="","",TEXT(A6,"yyyy-mm-dd")&"|"&B6&"|"&C6)
G7: =IF(OR(A7="",D7="",E7=""),"",ROUND(MOD(E7-D7,1)*24-N(F7)/60,2)) | H7: =IF(C7="","",IFERROR(INDEX(Sites!$B$2:$B$501,MATCH(C7,Sites!$A$2:$A$501,0)),"?")) | I7: =IF(A7="","",A7-WEEKDAY(A7,3)) | K7: =IF(A7="","",IF(OR(B7="",C7="",D7="",E7=""),"Missing info",IF(ISNA(MATCH(B7,Staff!$A$2:$A$101,0)),"Unknown employee",IF(H7="?","Unknown site",IF(G7<=0,"Check times",IF(G7>12,"Over 12h",IF(COUNTIFS($L$2:$L$2001,L7)>1,"Duplicate?",IF(A7>TODAY(),"Future date","OK")))))))) | L7: =IF(A7="","",TEXT(A7,"yyyy-mm-dd")&"|"&B7&"|"&C7)
G8: =IF(OR(A8="",D8="",E8=""),"",ROUND(MOD(E8-D8,1)*24-N(F8)/60,2)) | H8: =IF(C8="","",IFERROR(INDEX(Sites!$B$2:$B$501,MATCH(C8,Sites!$A$2:$A$501,0)),"?")) | I8: =IF(A8="","",A8-WEEKDAY(A8,3)) | K8: =IF(A8="","",IF(OR(B8="",C8="",D8="",E8=""),"Missing info",IF(ISNA(MATCH(B8,Staff!$A$2:$A$101,0)),"Unknown employee",IF(H8="?","Unknown site",IF(G8<=0,"Check times",IF(G8>12,"Over 12h",IF(COUNTIFS($L$2:$L$2001,L8)>1,"Duplicate?",IF(A8>TODAY(),"Future date","OK")))))))) | L8: =IF(A8="","",TEXT(A8,"yyyy-mm-dd")&"|"&B8&"|"&C8)
G9: =IF(OR(A9="",D9="",E9=""),"",ROUND(MOD(E9-D9,1)*24-N(F9)/60,2)) | H9: =IF(C9="","",IFERROR(INDEX(Sites!$B$2:$B$501,MATCH(C9,Sites!$A$2:$A$501,0)),"?")) | I9: =IF(A9="","",A9-WEEKDAY(A9,3)) | K9: =IF(A9="","",IF(OR(B9="",C9="",D9="",E9=""),"Missing info",IF(ISNA(MATCH(B9,Staff!$A$2:$A$101,0)),"Unknown employee",IF(H9="?","Unknown site",IF(G9<=0,"Check times",IF(G9>12,"Over 12h",IF(COUNTIFS($L$2:$L$2001,L9)>1,"Duplicate?",IF(A9>TODAY(),"Future date","OK")))))))) | L9: =IF(A9="","",TEXT(A9,"yyyy-mm-dd")&"|"&B9&"|"&C9)
G10: =IF(OR(A10="",D10="",E10=""),"",ROUND(MOD(E10-D10,1)*24-N(F10)/60,2)) | H10: =IF(C10="","",IFERROR(INDEX(Sites!$B$2:$B$501,MATCH(C10,Sites!$A$2:$A$501,0)),"?")) | I10: =IF(A10="","",A10-WEEKDAY(A10,3)) | K10: =IF(A10="","",IF(OR(B10="",C10="",D10="",E10=""),"Missing info",IF(ISNA(MATCH(B10,Staff!$A$2:$A$101,0)),"Unknown employee",IF(H10="?","Unknown site",IF(G10<=0,"Check times",IF(G10>12,"Over 12h",IF(COUNTIFS($L$2:$L$2001,L10)>1,"Duplicate?",IF(A10>TODAY(),"Future date","OK")))))))) | L10: =IF(A10="","",TEXT(A10,"yyyy-mm-dd")&"|"&B10&"|"&C10)
G11: =IF(OR(A11="",D11="",E11=""),"",ROUND(MOD(E11-D11,1)*24-N(F11)/60,2)) | H11: =IF(C11="","",IFERROR(INDEX(Sites!$B$2:$B$501,MATCH(C11,Sites!$A$2:$A$501,0)),"?")) | I11: =IF(A11="","",A11-WEEKDAY(A11,3)) | K11: =IF(A11="","",IF(OR(B11="",C11="",D11="",E11=""),"Missing info",IF(ISNA(MATCH(B11,Staff!$A$2:$A$101,0)),"Unknown employee",IF(H11="?","Unknown site",IF(G11<=0,"Check times",IF(G11>12,"Over 12h",IF(COUNTIFS($L$2:$L$2001,L11)>1,"Duplicate?",IF(A11>TODAY(),"Future date","OK")))))))) | L11: =IF(A11="","",TEXT(A11,"yyyy-mm-dd")&"|"&B11&"|"&C11)
G12: =IF(OR(A12="",D12="",E12=""),"",ROUND(MOD(E12-D12,1)*24-N(F12)/60,2)) | H12: =IF(C12="","",IFERROR(INDEX(Sites!$B$2:$B$501,MATCH(C12,Sites!$A$2:$A$501,0)),"?")) | I12: =IF(A12="","",A12-WEEKDAY(A12,3)) | K12: =IF(A12="","",IF(OR(B12="",C12="",D12="",E12=""),"Missing info",IF(ISNA(MATCH(B12,Staff!$A$2:$A$101,0)),"Unknown employee",IF(H12="?","Unknown site",IF(G12<=0,"Check times",IF(G12>12,"Over 12h",IF(COUNTIFS($L$2:$L$2001,L12)>1,"Duplicate?",IF(A12>TODAY(),"Future date","OK")))))))) | L12: =IF(A12="","",TEXT(A12,"yyyy-mm-dd")&"|"&B12&"|"&C12)
G13: =IF(OR(A13="",D13="",E13=""),"",ROUND(MOD(E13-D13,1)*24-N(F13)/60,2)) | H13: =IF(C13="","",IFERROR(INDEX(Sites!$B$2:$B$501,MATCH(C13,Sites!$A$2:$A$501,0)),"?")) | I13: =IF(A13="","",A13-WEEKDAY(A13,3)) | K13: =IF(A13="","",IF(OR(B13="",C13="",D13="",E13=""),"Missing info",IF(ISNA(MATCH(B13,Staff!$A$2:$A$101,0)),"Unknown employee",IF(H13="?","Unknown site",IF(G13<=0,"Check times",IF(G13>12,"Over 12h",IF(COUNTIFS($L$2:$L$2001,L13)>1,"Duplicate?",IF(A13>TODAY(),"Future date","OK")))))))) | L13: =IF(A13="","",TEXT(A13,"yyyy-mm-dd")&"|"&B13&"|"&C13)
... G2001: =IF(OR(A2001="",D2001="",E2001=""),"",ROUND(MOD(E2001-D2001,1)*24-N(F2001)/60,2)) | H2001: =IF(C2001="","",IFERROR(INDEX(Sites!$B$2:$B$501,MATCH(C2001,Sites!$A$2:$A$501,0)),"?")) | I2001: =IF(A2001="","",A2001-WEEKDAY(A2001,3)) | K2001: =IF(A2001="","",IF(OR(B2001="",C2001="",D2001="",E2001=""),"Missing info",IF(ISNA(MATCH(B2001,Staff!$A$2:$A$101,0)),"Unknown employee",IF(H2001="?","Unknown site",IF(G2001<=0,"Check times",IF(G2001>12,"Over 12h",IF(COUNTIFS($L$2:$L$2001,L2001)>1,"Duplicate?",IF(A2001>TODAY(),"Future date","OK")))))))) | L2001: =IF(A2001="","",TEXT(A2001,"yyyy-mm-dd")&"|"&B2001&"|"&C2001)

Sheet Staff
A1: Employee | B1: Region | C1: Role | D1: Hourly rate | E1: Active (Y/N) | F1: Notes | H1: Names must be unique. Set Active to N instead of deleting someone who has logged hours.
A2: Ali | B2: Yellowknife | C2: Manager | D2: 28 | E2: Y
A3: Floater 1 (replace name) | B3: Yellowknife | C3: Floater | D3: 25 | E3: Y
A4: Floater 2 (replace name) | B4: Yellowknife | C4: Floater | D4: 25 | E4: Y
A5: Floater 3 (replace name) | B5: Yellowknife | C5: Floater | D5: 25 | E5: Y

Sheet Sites
A1: Client / Site | B1: Region | C1: Type | D1: Active (Y/N) | F1: Use the client name exactly as it appears in Jobber. Source: Jobber invoices 2026-08-12 to 2026-10-09 + NACC.
A2: 507996 N.W.T. Ltd. | B2: Yellowknife | C2: Commercial | D2: Y
A3: 5950 N.W.T. LIMITED | B3: Yellowknife | C3: Commercial | D3: Y
A4: Aakash Bhandari | B4: Yellowknife | C4: Residential | D4: Y
A5: Adriana Ewen | B5: Yellowknife | C5: Residential | D5: Y
A6: Alex Zimmerman | B6: Yellowknife | C6: Residential | D6: Y
A7: Allison Simpson | B7: Yellowknife | C7: Residential | D7: Y
A8: Amber Liang | B8: Yellowknife | C8: Residential | D8: Y
A9: Angelique Rossouw | B9: Yellowknife | C9: Residential | D9: Y
A10: Ann Wind | B10: Yellowknife | C10: Residential | D10: Y
A11: Arlene Hache | B11: Yellowknife | C11: Residential | D11: Y
A12: Arlene Yaceyko | B12: Yellowknife | C12: Residential | D12: Y
A13: Athena Wells | B13: Yellowknife | C13: Residential | D13: Y
... A81: École Allain St-Cyr, CSFTNO | B81: Yellowknife | C81: Commercial | D81: Y

Sheet Pay Period
A1: Pay Period
A2: Months back (0 = this month, 1 = last month) | B2: 0 | H2: Payroll steps: 1) Rows flagged = 0 for everyone. 2) Hours match Jobber timesheets (Weekly tab). 3) Run payroll from this table.
A3: Pay is monthly. Run payroll from last month (Months back = 1).
A5: Period start | B5: =DATE(YEAR(TODAY()),MONTH(TODAY())-B2,1)
A6: Period end | B6: =DATE(YEAR(TODAY()),MONTH(TODAY())-B2+1,0)
A8: Employee | B8: Hours | C8: Shifts | D8: Hourly rate | E8: Gross pay | F8: Rows flagged
A9: =IF(Staff!A2="","",Staff!A2) | B9: =IF(A9="","",SUMIFS('Hours Log'!$G$2:$G$2001,'Hours Log'!$B$2:$B$2001,A9,'Hours Log'!$A$2:$A$2001,">="&$B$5,'Hours Log'!$A$2:$A$2001,"<="&$B$6)) | C9: =IF(A9="","",COUNTIFS('Hours Log'!$B$2:$B$2001,A9,'Hours Log'!$A$2:$A$2001,">="&$B$5,'Hours Log'!$A$2:$A$2001,"<="&$B$6)) | D9: =IF(A9="","",IFERROR(INDEX(Staff!$D$2:$D$101,MATCH(A9,Staff!$A$2:$A$101,0)),0)) | E9: =IF(A9="","",B9*D9) | F9: =IF(A9="","",COUNTIFS('Hours Log'!$B$2:$B$2001,A9,'Hours Log'!$A$2:$A$2001,">="&$B$5,'Hours Log'!$A$2:$A$2001,"<="&$B$6,'Hours Log'!$K$2:$K$2001,"<>OK"))
A10: =IF(Staff!A3="","",Staff!A3) | B10: =IF(A10="","",SUMIFS('Hours Log'!$G$2:$G$2001,'Hours Log'!$B$2:$B$2001,A10,'Hours Log'!$A$2:$A$2001,">="&$B$5,'Hours Log'!$A$2:$A$2001,"<="&$B$6)) | C10: =IF(A10="","",COUNTIFS('Hours Log'!$B$2:$B$2001,A10,'Hours Log'!$A$2:$A$2001,">="&$B$5,'Hours Log'!$A$2:$A$2001,"<="&$B$6)) | D10: =IF(A10="","",IFERROR(INDEX(Staff!$D$2:$D$101,MATCH(A10,Staff!$A$2:$A$101,0)),0)) | E10: =IF(A10="","",B10*D10) | F10: =IF(A10="","",COUNTIFS('Hours Log'!$B$2:$B$2001,A10,'Hours Log'!$A$2:$A$2001,">="&$B$5,'Hours Log'!$A$2:$A$2001,"<="&$B$6,'Hours Log'!$K$2:$K$2001,"<>OK"))
A11: =IF(Staff!A4="","",Staff!A4) | B11: =IF(A11="","",SUMIFS('Hours Log'!$G$2:$G$2001,'Hours Log'!$B$2:$B$2001,A11,'Hours Log'!$A$2:$A$2001,">="&$B$5,'Hours Log'!$A$2:$A$2001,"<="&$B$6)) | C11: =IF(A11="","",COUNTIFS('Hours Log'!$B$2:$B$2001,A11,'Hours Log'!$A$2:$A$2001,">="&$B$5,'Hours Log'!$A$2:$A$2001,"<="&$B$6)) | D11: =IF(A11="","",IFERROR(INDEX(Staff!$D$2:$D$101,MATCH(A11,Staff!$A$2:$A$101,0)),0)) | E11: =IF(A11="","",B11*D11) | F11: =IF(A11="","",COUNTIFS('Hours Log'!$B$2:$B$2001,A11,'Hours Log'!$A$2:$A$2001,">="&$B$5,'Hours Log'!$A$2:$A$2001,"<="&$B$6,'Hours Log'!$K$2:$K$2001,"<>OK"))
A12: =IF(Staff!A5="","",Staff!A5) | B12: =IF(A12="","",SUMIFS('Hours Log'!$G$2:$G$2001,'Hours Log'!$B$2:$B$2001,A12,'Hours Log'!$A$2:$A$2001,">="&$B$5,'Hours Log'!$A$2:$A$2001,"<="&$B$6)) | C12: =IF(A12="","",COUNTIFS('Hours Log'!$B$2:$B$2001,A12,'Hours Log'!$A$2:$A$2001,">="&$B$5,'Hours Log'!$A$2:$A$2001,"<="&$B$6)) | D12: =IF(A12="","",IFERROR(INDEX(Staff!$D$2:$D$101,MATCH(A12,Staff!$A$2:$A$101,0)),0)) | E12: =IF(A12="","",B12*D12) | F12: =IF(A12="","",COUNTIFS('Hours Log'!$B$2:$B$2001,A12,'Hours Log'!$A$2:$A$2001,">="&$B$5,'Hours Log'!$A$2:$A$2001,"<="&$B$6,'Hours Log'!$K$2:$K$2001,"<>OK"))
A13: =IF(Staff!A6="","",Staff!A6) | B13: =IF(A13="","",SUMIFS('Hours Log'!$G$2:$G$2001,'Hours Log'!$B$2:$B$2001,A13,'Hours Log'!$A$2:$A$2001,">="&$B$5,'Hours Log'!$A$2:$A$2001,"<="&$B$6)) | C13: =IF(A13="","",COUNTIFS('Hours Log'!$B$2:$B$2001,A13,'Hours Log'!$A$2:$A$2001,">="&$B$5,'Hours Log'!$A$2:$A$2001,"<="&$B$6)) | D13: =IF(A13="","",IFERROR(INDEX(Staff!$D$2:$D$101,MATCH(A13,Staff!$A$2:$A$101,0)),0)) | E13: =IF(A13="","",B13*D13) | F13: =IF(A13="","",COUNTIFS('Hours Log'!$B$2:$B$2001,A13,'Hours Log'!$A$2:$A$2001,">="&$B$5,'Hours Log'!$A$2:$A$2001,"<="&$B$6,'Hours Log'!$K$2:$K$2001,"<>OK"))
A14: =IF(Staff!A7="","",Staff!A7) | B14: =IF(A14="","",SUMIFS('Hours Log'!$G$2:$G$2001,'Hours Log'!$B$2:$B$2001,A14,'Hours Log'!$A$2:$A$2001,">="&$B$5,'Hours Log'!$A$2:$A$2001,"<="&$B$6)) | C14: =IF(A14="","",COUNTIFS('Hours Log'!$B$2:$B$2001,A14,'Hours Log'!$A$2:$A$2001,">="&$B$5,'Hours Log'!$A$2:$A$2001,"<="&$B$6)) | D14: =IF(A14="","",IFERROR(INDEX(Staff!$D$2:$D$101,MATCH(A14,Staff!$A$2:$A$101,0)),0)) | E14: =IF(A14="","",B14*D14) | F14: =IF(A14="","",COUNTIFS('Hours Log'!$B$2:$B$2001,A14,'Hours Log'!$A$2:$A$2001,">="&$B$5,'Hours Log'!$A$2:$A$2001,"<="&$B$6,'Hours Log'!$K$2:$K$2001,"<>OK"))
A15: =IF(Staff!A8="","",Staff!A8) | B15: =IF(A15="","",SUMIFS('Hours Log'!$G$2:$G$2001,'Hours Log'!$B$2:$B$2001,A15,'Hours Log'!$A$2:$A$2001,">="&$B$5,'Hours Log'!$A$2:$A$2001,"<="&$B$6)) | C15: =IF(A15="","",COUNTIFS('Hours Log'!$B$2:$B$2001,A15,'Hours Log'!$A$2:$A$2001,">="&$B$5,'Hours Log'!$A$2:$A$2001,"<="&$B$6)) | D15: =IF(A15="","",IFERROR(INDEX(Staff!$D$2:$D$101,MATCH(A15,Staff!$A$2:$A$101,0)),0)) | E15: =IF(A15="","",B15*D15) | F15: =IF(A15="","",COUNTIFS('Hours Log'!$B$2:$B$2001,A15,'Hours Log'!$A$2:$A$2001,">="&$B$5,'Hours Log'!$A$2:$A$2001,"<="&$B$6,'Hours Log'!$K$2:$K$2001,"<>OK"))
A16: =IF(Staff!A9="","",Staff!A9) | B16: =IF(A16="","",SUMIFS('Hours Log'!$G$2:$G$2001,'Hours Log'!$B$2:$B$2001,A16,'Hours Log'!$A$2:$A$2001,">="&$B$5,'Hours Log'!$A$2:$A$2001,"<="&$B$6)) | C16: =IF(A16="","",COUNTIFS('Hours Log'!$B$2:$B$2001,A16,'Hours Log'!$A$2:$A$2001,">="&$B$5,'Hours Log'!$A$2:$A$2001,"<="&$B$6)) | D16: =IF(A16="","",IFERROR(INDEX(Staff!$D$2:$D$101,MATCH(A16,Staff!$A$2:$A$101,0)),0)) | E16: =IF(A16="","",B16*D16) | F16: =IF(A16="","",COUNTIFS('Hours Log'!$B$2:$B$2001,A16,'Hours Log'!$A$2:$A$2001,">="&$B$5,'Hours Log'!$A$2:$A$2001,"<="&$B$6,'Hours Log'!$K$2:$K$2001,"<>OK"))
A17: =IF(Staff!A10="","",Staff!A10) | B17: =IF(A17="","",SUMIFS('Hours Log'!$G$2:$G$2001,'Hours Log'!$B$2:$B$2001,A17,'Hours Log'!$A$2:$A$2001,">="&$B$5,'Hours Log'!$A$2:$A$2001,"<="&$B$6)) | C17: =IF(A17="","",COUNTIFS('Hours Log'!$B$2:$B$2001,A17,'Hours Log'!$A$2:$A$2001,">="&$B$5,'Hours Log'!$A$2:$A$2001,"<="&$B$6)) | D17: =IF(A17="","",IFERROR(INDEX(Staff!$D$2:$D$101,MATCH(A17,Staff!$A$2:$A$101,0)),0)) | E17: =IF(A17="","",B17*D17) | F17: =IF(A17="","",COUNTIFS('Hours Log'!$B$2:$B$2001,A17,'Hours Log'!$A$2:$A$2001,">="&$B$5,'Hours Log'!$A$2:$A$2001,"<="&$B$6,'Hours Log'!$K$2:$K$2001,"<>OK"))
A18: =IF(Staff!A11="","",Staff!A11) | B18: =IF(A18="","",SUMIFS('Hours Log'!$G$2:$G$2001,'Hours Log'!$B$2:$B$2001,A18,'Hours Log'!$A$2:$A$2001,">="&$B$5,'Hours Log'!$A$2:$A$2001,"<="&$B$6)) | C18: =IF(A18="","",COUNTIFS('Hours Log'!$B$2:$B$2001,A18,'Hours Log'!$A$2:$A$2001,">="&$B$5,'Hours Log'!$A$2:$A$2001,"<="&$B$6)) | D18: =IF(A18="","",IFERROR(INDEX(Staff!$D$2:$D$101,MATCH(A18,Staff!$A$2:$A$101,0)),0)) | E18: =IF(A18="","",B18*D18) | F18: =IF(A18="","",COUNTIFS('Hours Log'!$B$2:$B$2001,A18,'Hours Log'!$A$2:$A$2001,">="&$B$5,'Hours Log'!$A$2:$A$2001,"<="&$B$6,'Hours Log'!$K$2:$K$2001,"<>OK"))
A19: =IF(Staff!A12="","",Staff!A12) | B19: =IF(A19="","",SUMIFS('Hours Log'!$G$2:$G$2001,'Hours Log'!$B$2:$B$2001,A19,'Hours Log'!$A$2:$A$2001,">="&$B$5,'Hours Log'!$A$2:$A$2001,"<="&$B$6)) | C19: =IF(A19="","",COUNTIFS('Hours Log'!$B$2:$B$2001,A19,'Hours Log'!$A$2:$A$2001,">="&$B$5,'Hours Log'!$A$2:$A$2001,"<="&$B$6)) | D19: =IF(A19="","",IFERROR(INDEX(Staff!$D$2:$D$101,MATCH(A19,Staff!$A$2:$A$101,0)),0)) | E19: =IF(A19="","",B19*D19) | F19: =IF(A19="","",COUNTIFS('Hours Log'!$B$2:$B$2001,A19,'Hours Log'!$A$2:$A$2001,">="&$B$5,'Hours Log'!$A$2:$A$2001,"<="&$B$6,'Hours Log'!$K$2:$K$2001,"<>OK"))
A20: =IF(Staff!A13="","",Staff!A13) | B20: =IF(A20="","",SUMIFS('Hours Log'!$G$2:$G$2001,'Hours Log'!$B$2:$B$2001,A20,'Hours Log'!$A$2:$A$2001,">="&$B$5,'Hours Log'!$A$2:$A$2001,"<="&$B$6)) | C20: =IF(A20="","",COUNTIFS('Hours Log'!$B$2:$B$2001,A20,'Hours Log'!$A$2:$A$2001,">="&$B$5,'Hours Log'!$A$2:$A$2001,"<="&$B$6)) | D20: =IF(A20="","",IFERROR(INDEX(Staff!$D$2:$D$101,MATCH(A20,Staff!$A$2:$A$101,0)),0)) | E20: =IF(A20="","",B20*D20) | F20: =IF(A20="","",COUNTIFS('Hours Log'!$B$2:$B$2001,A20,'Hours Log'!$A$2:$A$2001,">="&$B$5,'Hours Log'!$A$2:$A$2001,"<="&$B$6,'Hours Log'!$K$2:$K$2001,"<>OK"))
... A108: =IF(Staff!A101="","",Staff!A101) | B108: =IF(A108="","",SUMIFS('Hours Log'!$G$2:$G$2001,'Hours Log'!$B$2:$B$2001,A108,'Hours Log'!$A$2:$A$2001,">="&$B$5,'Hours Log'!$A$2:$A$2001,"<="&$B$6)) | C108: =IF(A108="","",COUNTIFS('Hours Log'!$B$2:$B$2001,A108,'Hours Log'!$A$2:$A$2001,">="&$B$5,'Hours Log'!$A$2:$A$2001,"<="&$B$6)) | D108: =IF(A108="","",IFERROR(INDEX(Staff!$D$2:$D$101,MATCH(A108,Staff!$A$2:$A$101,0)),0)) | E108: =IF(A108="","",B108*D108) | F108: =IF(A108="","",COUNTIFS('Hours Log'!$B$2:$B$2001,A108,'Hours Log'!$A$2:$A$2001,">="&$B$5,'Hours Log'!$A$2:$A$2001,"<="&$B$6,'Hours Log'!$K$2:$K$2001,"<>OK"))
A109: TOTAL | B109: =SUM(B9:B108) | C109: =SUM(C9:C108) | E109: =SUM(E9:E108) | F109: =SUM(F9:F108)

Sheet Weekly
A1: Weekly
A2: Weeks back (0 = this week) | B2: 0
A3: Week of (Mon) | B3: =TODAY()-WEEKDAY(TODAY(),3)-7*B2
K4: Cross-check: enter last week's Jobber visit count and timesheet hours per site in N and O. Clear N:O when the week changes.
A5: Employee | B5: =$B$3+0 | C5: =$B$3+1 | D5: =$B$3+2 | E5: =$B$3+3 | F5: =$B$3+4 | G5: =$B$3+5 | H5: =$B$3+6 | I5: Total | K5: Client / Site | L5: Shifts logged | M5: Crew hours logged | N5: Jobber visits (enter) | O5: Jobber hours (enter) | P5: Difference | Q5: Flag
A6: =IF(Staff!A2="","",Staff!A2) | B6: =IF($A6="","",SUMIFS('Hours Log'!$G$2:$G$2001,'Hours Log'!$B$2:$B$2001,$A6,'Hours Log'!$A$2:$A$2001,B$5)) | C6: =IF($A6="","",SUMIFS('Hours Log'!$G$2:$G$2001,'Hours Log'!$B$2:$B$2001,$A6,'Hours Log'!$A$2:$A$2001,C$5)) | D6: =IF($A6="","",SUMIFS('Hours Log'!$G$2:$G$2001,'Hours Log'!$B$2:$B$2001,$A6,'Hours Log'!$A$2:$A$2001,D$5)) | E6: =IF($A6="","",SUMIFS('Hours Log'!$G$2:$G$2001,'Hours Log'!$B$2:$B$2001,$A6,'Hours Log'!$A$2:$A$2001,E$5)) | F6: =IF($A6="","",SUMIFS('Hours Log'!$G$2:$G$2001,'Hours Log'!$B$2:$B$2001,$A6,'Hours Log'!$A$2:$A$2001,F$5)) | G6: =IF($A6="","",SUMIFS('Hours Log'!$G$2:$G$2001,'Hours Log'!$B$2:$B$2001,$A6,'Hours Log'!$A$2:$A$2001,G$5)) | H6: =IF($A6="","",SUMIFS('Hours Log'!$G$2:$G$2001,'Hours Log'!$B$2:$B$2001,$A6,'Hours Log'!$A$2:$A$2001,H$5)) | I6: =IF($A6="","",SUM(B6:H6)) | K6: =IF(Sites!A2="","",Sites!A2) | L6: =IF(K6="","",COUNTIFS('Hours Log'!$C$2:$C$2001,K6,'Hours Log'!$I$2:$I$2001,$B$3)) | M6: =IF(K6="","",SUMIFS('Hours Log'!$G$2:$G$2001,'Hours Log'!$C$2:$C$2001,K6,'Hours Log'!$I$2:$I$2001,$B$3)) | P6: =IF(OR(K6="",O6=""),"",M6-O6) | Q6: =IF(K6="","",IF(AND(N(N6)>0,L6=0),"Jobber visit, no hours logged",IF(AND(L6>0,N6=""),"Enter Jobber visits",IF(AND(L6>0,N(N6)=0),"Hours logged, no Jobber visit",IF(AND(O6<>"",ABS(N(P6))>0.5),"Hours differ from Jobber","")))))
A7: =IF(Staff!A3="","",Staff!A3) | B7: =IF($A7="","",SUMIFS('Hours Log'!$G$2:$G$2001,'Hours Log'!$B$2:$B$2001,$A7,'Hours Log'!$A$2:$A$2001,B$5)) | C7: =IF($A7="","",SUMIFS('Hours Log'!$G$2:$G$2001,'Hours Log'!$B$2:$B$2001,$A7,'Hours Log'!$A$2:$A$2001,C$5)) | D7: =IF($A7="","",SUMIFS('Hours Log'!$G$2:$G$2001,'Hours Log'!$B$2:$B$2001,$A7,'Hours Log'!$A$2:$A$2001,D$5)) | E7: =IF($A7="","",SUMIFS('Hours Log'!$G$2:$G$2001,'Hours Log'!$B$2:$B$2001,$A7,'Hours Log'!$A$2:$A$2001,E$5)) | F7: =IF($A7="","",SUMIFS('Hours Log'!$G$2:$G$2001,'Hours Log'!$B$2:$B$2001,$A7,'Hours Log'!$A$2:$A$2001,F$5)) | G7: =IF($A7="","",SUMIFS('Hours Log'!$G$2:$G$2001,'Hours Log'!$B$2:$B$2001,$A7,'Hours Log'!$A$2:$A$2001,G$5)) | H7: =IF($A7="","",SUMIFS('Hours Log'!$G$2:$G$2001,'Hours Log'!$B$2:$B$2001,$A7,'Hours Log'!$A$2:$A$2001,H$5)) | I7: =IF($A7="","",SUM(B7:H7)) | K7: =IF(Sites!A3="","",Sites!A3) | L7: =IF(K7="","",COUNTIFS('Hours Log'!$C$2:$C$2001,K7,'Hours Log'!$I$2:$I$2001,$B$3)) | M7: =IF(K7="","",SUMIFS('Hours Log'!$G$2:$G$2001,'Hours Log'!$C$2:$C$2001,K7,'Hours Log'!$I$2:$I$2001,$B$3)) | P7: =IF(OR(K7="",O7=""),"",M7-O7) | Q7: =IF(K7="","",IF(AND(N(N7)>0,L7=0),"Jobber visit, no hours logged",IF(AND(L7>0,N7=""),"Enter Jobber visits",IF(AND(L7>0,N(N7)=0),"Hours logged, no Jobber visit",IF(AND(O7<>"",ABS(N(P7))>0.5),"Hours differ from Jobber","")))))
A8: =IF(Staff!A4="","",Staff!A4) | B8: =IF($A8="","",SUMIFS('Hours Log'!$G$2:$G$2001,'Hours Log'!$B$2:$B$2001,$A8,'Hours Log'!$A$2:$A$2001,B$5)) | C8: =IF($A8="","",SUMIFS('Hours Log'!$G$2:$G$2001,'Hours Log'!$B$2:$B$2001,$A8,'Hours Log'!$A$2:$A$2001,C$5)) | D8: =IF($A8="","",SUMIFS('Hours Log'!$G$2:$G$2001,'Hours Log'!$B$2:$B$2001,$A8,'Hours Log'!$A$2:$A$2001,D$5)) | E8: =IF($A8="","",SUMIFS('Hours Log'!$G$2:$G$2001,'Hours Log'!$B$2:$B$2001,$A8,'Hours Log'!$A$2:$A$2001,E$5)) | F8: =IF($A8="","",SUMIFS('Hours Log'!$G$2:$G$2001,'Hours Log'!$B$2:$B$2001,$A8,'Hours Log'!$A$2:$A$2001,F$5)) | G8: =IF($A8="","",SUMIFS('Hours Log'!$G$2:$G$2001,'Hours Log'!$B$2:$B$2001,$A8,'Hours Log'!$A$2:$A$2001,G$5)) | H8: =IF($A8="","",SUMIFS('Hours Log'!$G$2:$G$2001,'Hours Log'!$B$2:$B$2001,$A8,'Hours Log'!$A$2:$A$2001,H$5)) | I8: =IF($A8="","",SUM(B8:H8)) | K8: =IF(Sites!A4="","",Sites!A4) | L8: =IF(K8="","",COUNTIFS('Hours Log'!$C$2:$C$2001,K8,'Hours Log'!$I$2:$I$2001,$B$3)) | M8: =IF(K8="","",SUMIFS('Hours Log'!$G$2:$G$2001,'Hours Log'!$C$2:$C$2001,K8,'Hours Log'!$I$2:$I$2001,$B$3)) | P8: =IF(OR(K8="",O8=""),"",M8-O8) | Q8: =IF(K8="","",IF(AND(N(N8)>0,L8=0),"Jobber visit, no hours logged",IF(AND(L8>0,N8=""),"Enter Jobber visits",IF(AND(L8>0,N(N8)=0),"Hours logged, no Jobber visit",IF(AND(O8<>"",ABS(N(P8))>0.5),"Hours differ from Jobber","")))))
A9: =IF(Staff!A5="","",Staff!A5) | B9: =IF($A9="","",SUMIFS('Hours Log'!$G$2:$G$2001,'Hours Log'!$B$2:$B$2001,$A9,'Hours Log'!$A$2:$A$2001,B$5)) | C9: =IF($A9="","",SUMIFS('Hours Log'!$G$2:$G$2001,'Hours Log'!$B$2:$B$2001,$A9,'Hours Log'!$A$2:$A$2001,C$5)) | D9: =IF($A9="","",SUMIFS('Hours Log'!$G$2:$G$2001,'Hours Log'!$B$2:$B$2001,$A9,'Hours Log'!$A$2:$A$2001,D$5)) | E9: =IF($A9="","",SUMIFS('Hours Log'!$G$2:$G$2001,'Hours Log'!$B$2:$B$2001,$A9,'Hours Log'!$A$2:$A$2001,E$5)) | F9: =IF($A9="","",SUMIFS('Hours Log'!$G$2:$G$2001,'Hours Log'!$B$2:$B$2001,$A9,'Hours Log'!$A$2:$A$2001,F$5)) | G9: =IF($A9="","",SUMIFS('Hours Log'!$G$2:$G$2001,'Hours Log'!$B$2:$B$2001,$A9,'Hours Log'!$A$2:$A$2001,G$5)) | H9: =IF($A9="","",SUMIFS('Hours Log'!$G$2:$G$2001,'Hours Log'!$B$2:$B$2001,$A9,'Hours Log'!$A$2:$A$2001,H$5)) | I9: =IF($A9="","",SUM(B9:H9)) | K9: =IF(Sites!A5="","",Sites!A5) | L9: =IF(K9="","",COUNTIFS('Hours Log'!$C$2:$C$2001,K9,'Hours Log'!$I$2:$I$2001,$B$3)) | M9: =IF(K9="","",SUMIFS('Hours Log'!$G$2:$G$2001,'Hours Log'!$C$2:$C$2001,K9,'Hours Log'!$I$2:$I$2001,$B$3)) | P9: =IF(OR(K9="",O9=""),"",M9-O9) | Q9: =IF(K9="","",IF(AND(N(N9)>0,L9=0),"Jobber visit, no hours logged",IF(AND(L9>0,N9=""),"Enter Jobber visits",IF(AND(L9>0,N(N9)=0),"Hours logged, no Jobber visit",IF(AND(O9<>"",ABS(N(P9))>0.5),"Hours differ from Jobber","")))))
A10: =IF(Staff!A6="","",Staff!A6) | B10: =IF($A10="","",SUMIFS('Hours Log'!$G$2:$G$2001,'Hours Log'!$B$2:$B$2001,$A10,'Hours Log'!$A$2:$A$2001,B$5)) | C10: =IF($A10="","",SUMIFS('Hours Log'!$G$2:$G$2001,'Hours Log'!$B$2:$B$2001,$A10,'Hours Log'!$A$2:$A$2001,C$5)) | D10: =IF($A10="","",SUMIFS('Hours Log'!$G$2:$G$2001,'Hours Log'!$B$2:$B$2001,$A10,'Hours Log'!$A$2:$A$2001,D$5)) | E10: =IF($A10="","",SUMIFS('Hours Log'!$G$2:$G$2001,'Hours Log'!$B$2:$B$2001,$A10,'Hours Log'!$A$2:$A$2001,E$5)) | F10: =IF($A10="","",SUMIFS('Hours Log'!$G$2:$G$2001,'Hours Log'!$B$2:$B$2001,$A10,'Hours Log'!$A$2:$A$2001,F$5)) | G10: =IF($A10="","",SUMIFS('Hours Log'!$G$2:$G$2001,'Hours Log'!$B$2:$B$2001,$A10,'Hours Log'!$A$2:$A$2001,G$5)) | H10: =IF($A10="","",SUMIFS('Hours Log'!$G$2:$G$2001,'Hours Log'!$B$2:$B$2001,$A10,'Hours Log'!$A$2:$A$2001,H$5)) | I10: =IF($A10="","",SUM(B10:H10)) | K10: =IF(Sites!A6="","",Sites!A6) | L10: =IF(K10="","",COUNTIFS('Hours Log'!$C$2:$C$2001,K10,'Hours Log'!$I$2:$I$2001,$B$3)) | M10: =IF(K10="","",SUMIFS('Hours Log'!$G$2:$G$2001,'Hours Log'!$C$2:$C$2001,K10,'Hours Log'!$I$2:$I$2001,$B$3)) | P10: =IF(OR(K10="",O10=""),"",M10-O10) | Q10: =IF(K10="","",IF(AND(N(N10)>0,L10=0),"Jobber visit, no hours logged",IF(AND(L10>0,N10=""),"Enter Jobber visits",IF(AND(L10>0,N(N10)=0),"Hours logged, no Jobber visit",IF(AND(O10<>"",ABS(N(P10))>0.5),"Hours differ from Jobber","")))))
A11: =IF(Staff!A7="","",Staff!A7) | B11: =IF($A11="","",SUMIFS('Hours Log'!$G$2:$G$2001,'Hours Log'!$B$2:$B$2001,$A11,'Hours Log'!$A$2:$A$2001,B$5)) | C11: =IF($A11="","",SUMIFS('Hours Log'!$G$2:$G$2001,'Hours Log'!$B$2:$B$2001,$A11,'Hours Log'!$A$2:$A$2001,C$5)) | D11: =IF($A11="","",SUMIFS('Hours Log'!$G$2:$G$2001,'Hours Log'!$B$2:$B$2001,$A11,'Hours Log'!$A$2:$A$2001,D$5)) | E11: =IF($A11="","",SUMIFS('Hours Log'!$G$2:$G$2001,'Hours Log'!$B$2:$B$2001,$A11,'Hours Log'!$A$2:$A$2001,E$5)) | F11: =IF($A11="","",SUMIFS('Hours Log'!$G$2:$G$2001,'Hours Log'!$B$2:$B$2001,$A11,'Hours Log'!$A$2:$A$2001,F$5)) | G11: =IF($A11="","",SUMIFS('Hours Log'!$G$2:$G$2001,'Hours Log'!$B$2:$B$2001,$A11,'Hours Log'!$A$2:$A$2001,G$5)) | H11: =IF($A11="","",SUMIFS('Hours Log'!$G$2:$G$2001,'Hours Log'!$B$2:$B$2001,$A11,'Hours Log'!$A$2:$A$2001,H$5)) | I11: =IF($A11="","",SUM(B11:H11)) | K11: =IF(Sites!A7="","",Sites!A7) | L11: =IF(K11="","",COUNTIFS('Hours Log'!$C$2:$C$2001,K11,'Hours Log'!$I$2:$I$2001,$B$3)) | M11: =IF(K11="","",SUMIFS('Hours Log'!$G$2:$G$2001,'Hours Log'!$C$2:$C$2001,K11,'Hours Log'!$I$2:$I$2001,$B$3)) | P11: =IF(OR(K11="",O11=""),"",M11-O11) | Q11: =IF(K11="","",IF(AND(N(N11)>0,L11=0),"Jobber visit, no hours logged",IF(AND(L11>0,N11=""),"Enter Jobber visits",IF(AND(L11>0,N(N11)=0),"Hours logged, no Jobber visit",IF(AND(O11<>"",ABS(N(P11))>0.5),"Hours differ from Jobber","")))))
A12: =IF(Staff!A8="","",Staff!A8) | B12: =IF($A12="","",SUMIFS('Hours Log'!$G$2:$G$2001,'Hours Log'!$B$2:$B$2001,$A12,'Hours Log'!$A$2:$A$2001,B$5)) | C12: =IF($A12="","",SUMIFS('Hours Log'!$G$2:$G$2001,'Hours Log'!$B$2:$B$2001,$A12,'Hours Log'!$A$2:$A$2001,C$5)) | D12: =IF($A12="","",SUMIFS('Hours Log'!$G$2:$G$2001,'Hours Log'!$B$2:$B$2001,$A12,'Hours Log'!$A$2:$A$2001,D$5)) | E12: =IF($A12="","",SUMIFS('Hours Log'!$G$2:$G$2001,'Hours Log'!$B$2:$B$2001,$A12,'Hours Log'!$A$2:$A$2001,E$5)) | F12: =IF($A12="","",SUMIFS('Hours Log'!$G$2:$G$2001,'Hours Log'!$B$2:$B$2001,$A12,'Hours Log'!$A$2:$A$2001,F$5)) | G12: =IF($A12="","",SUMIFS('Hours Log'!$G$2:$G$2001,'Hours Log'!$B$2:$B$2001,$A12,'Hours Log'!$A$2:$A$2001,G$5)) | H12: =IF($A12="","",SUMIFS('Hours Log'!$G$2:$G$2001,'Hours Log'!$B$2:$B$2001,$A12,'Hours Log'!$A$2:$A$2001,H$5)) | I12: =IF($A12="","",SUM(B12:H12)) | K12: =IF(Sites!A8="","",Sites!A8) | L12: =IF(K12="","",COUNTIFS('Hours Log'!$C$2:$C$2001,K12,'Hours Log'!$I$2:$I$2001,$B$3)) | M12: =IF(K12="","",SUMIFS('Hours Log'!$G$2:$G$2001,'Hours Log'!$C$2:$C$2001,K12,'Hours Log'!$I$2:$I$2001,$B$3)) | P12: =IF(OR(K12="",O12=""),"",M12-O12) | Q12: =IF(K12="","",IF(AND(N(N12)>0,L12=0),"Jobber visit, no hours logged",IF(AND(L12>0,N12=""),"Enter Jobber visits",IF(AND(L12>0,N(N12)=0),"Hours logged, no Jobber visit",IF(AND(O12<>"",ABS(N(P12))>0.5),"Hours differ from Jobber","")))))
A13: =IF(Staff!A9="","",Staff!A9) | B13: =IF($A13="","",SUMIFS('Hours Log'!$G$2:$G$2001,'Hours Log'!$B$2:$B$2001,$A13,'Hours Log'!$A$2:$A$2001,B$5)) | C13: =IF($A13="","",SUMIFS('Hours Log'!$G$2:$G$2001,'Hours Log'!$B$2:$B$2001,$A13,'Hours Log'!$A$2:$A$2001,C$5)) | D13: =IF($A13="","",SUMIFS('Hours Log'!$G$2:$G$2001,'Hours Log'!$B$2:$B$2001,$A13,'Hours Log'!$A$2:$A$2001,D$5)) | E13: =IF($A13="","",SUMIFS('Hours Log'!$G$2:$G$2001,'Hours Log'!$B$2:$B$2001,$A13,'Hours Log'!$A$2:$A$2001,E$5)) | F13: =IF($A13="","",SUMIFS('Hours Log'!$G$2:$G$2001,'Hours Log'!$B$2:$B$2001,$A13,'Hours Log'!$A$2:$A$2001,F$5)) | G13: =IF($A13="","",SUMIFS('Hours Log'!$G$2:$G$2001,'Hours Log'!$B$2:$B$2001,$A13,'Hours Log'!$A$2:$A$2001,G$5)) | H13: =IF($A13="","",SUMIFS('Hours Log'!$G$2:$G$2001,'Hours Log'!$B$2:$B$2001,$A13,'Hours Log'!$A$2:$A$2001,H$5)) | I13: =IF($A13="","",SUM(B13:H13)) | K13: =IF(Sites!A9="","",Sites!A9) | L13: =IF(K13="","",COUNTIFS('Hours Log'!$C$2:$C$2001,K13,'Hours Log'!$I$2:$I$2001,$B$3)) | M13: =IF(K13="","",SUMIFS('Hours Log'!$G$2:$G$2001,'Hours Log'!$C$2:$C$2001,K13,'Hours Log'!$I$2:$I$2001,$B$3)) | P13: =IF(OR(K13="",O13=""),"",M13-O13) | Q13: =IF(K13="","",IF(AND(N(N13)>0,L13=0),"Jobber visit, no hours logged",IF(AND(L13>0,N13=""),"Enter Jobber visits",IF(AND(L13>0,N(N13)=0),"Hours logged, no Jobber visit",IF(AND(O13<>"",ABS(N(P13))>0.5),"Hours differ from Jobber","")))))
A14: =IF(Staff!A10="","",Staff!A10) | B14: =IF($A14="","",SUMIFS('Hours Log'!$G$2:$G$2001,'Hours Log'!$B$2:$B$2001,$A14,'Hours Log'!$A$2:$A$2001,B$5)) | C14: =IF($A14="","",SUMIFS('Hours Log'!$G$2:$G$2001,'Hours Log'!$B$2:$B$2001,$A14,'Hours Log'!$A$2:$A$2001,C$5)) | D14: =IF($A14="","",SUMIFS('Hours Log'!$G$2:$G$2001,'Hours Log'!$B$2:$B$2001,$A14,'Hours Log'!$A$2:$A$2001,D$5)) | E14: =IF($A14="","",SUMIFS('Hours Log'!$G$2:$G$2001,'Hours Log'!$B$2:$B$2001,$A14,'Hours Log'!$A$2:$A$2001,E$5)) | F14: =IF($A14="","",SUMIFS('Hours Log'!$G$2:$G$2001,'Hours Log'!$B$2:$B$2001,$A14,'Hours Log'!$A$2:$A$2001,F$5)) | G14: =IF($A14="","",SUMIFS('Hours Log'!$G$2:$G$2001,'Hours Log'!$B$2:$B$2001,$A14,'Hours Log'!$A$2:$A$2001,G$5)) | H14: =IF($A14="","",SUMIFS('Hours Log'!$G$2:$G$2001,'Hours Log'!$B$2:$B$2001,$A14,'Hours Log'!$A$2:$A$2001,H$5)) | I14: =IF($A14="","",SUM(B14:H14)) | K14: =IF(Sites!A10="","",Sites!A10) | L14: =IF(K14="","",COUNTIFS('Hours Log'!$C$2:$C$2001,K14,'Hours Log'!$I$2:$I$2001,$B$3)) | M14: =IF(K14="","",SUMIFS('Hours Log'!$G$2:$G$2001,'Hours Log'!$C$2:$C$2001,K14,'Hours Log'!$I$2:$I$2001,$B$3)) | P14: =IF(OR(K14="",O14=""),"",M14-O14) | Q14: =IF(K14="","",IF(AND(N(N14)>0,L14=0),"Jobber visit, no hours logged",IF(AND(L14>0,N14=""),"Enter Jobber visits",IF(AND(L14>0,N(N14)=0),"Hours logged, no Jobber visit",IF(AND(O14<>"",ABS(N(P14))>0.5),"Hours differ from Jobber","")))))
A15: =IF(Staff!A11="","",Staff!A11) | B15: =IF($A15="","",SUMIFS('Hours Log'!$G$2:$G$2001,'Hours Log'!$B$2:$B$2001,$A15,'Hours Log'!$A$2:$A$2001,B$5)) | C15: =IF($A15="","",SUMIFS('Hours Log'!$G$2:$G$2001,'Hours Log'!$B$2:$B$2001,$A15,'Hours Log'!$A$2:$A$2001,C$5)) | D15: =IF($A15="","",SUMIFS('Hours Log'!$G$2:$G$2001,'Hours Log'!$B$2:$B$2001,$A15,'Hours Log'!$A$2:$A$2001,D$5)) | E15: =IF($A15="","",SUMIFS('Hours Log'!$G$2:$G$2001,'Hours Log'!$B$2:$B$2001,$A15,'Hours Log'!$A$2:$A$2001,E$5)) | F15: =IF($A15="","",SUMIFS('Hours Log'!$G$2:$G$2001,'Hours Log'!$B$2:$B$2001,$A15,'Hours Log'!$A$2:$A$2001,F$5)) | G15: =IF($A15="","",SUMIFS('Hours Log'!$G$2:$G$2001,'Hours Log'!$B$2:$B$2001,$A15,'Hours Log'!$A$2:$A$2001,G$5)) | H15: =IF($A15="","",SUMIFS('Hours Log'!$G$2:$G$2001,'Hours Log'!$B$2:$B$2001,$A15,'Hours Log'!$A$2:$A$2001,H$5)) | I15: =IF($A15="","",SUM(B15:H15)) | K15: =IF(Sites!A11="","",Sites!A11) | L15: =IF(K15="","",COUNTIFS('Hours Log'!$C$2:$C$2001,K15,'Hours Log'!$I$2:$I$2001,$B$3)) | M15: =IF(K15="","",SUMIFS('Hours Log'!$G$2:$G$2001,'Hours Log'!$C$2:$C$2001,K15,'Hours Log'!$I$2:$I$2001,$B$3)) | P15: =IF(OR(K15="",O15=""),"",M15-O15) | Q15: =IF(K15="","",IF(AND(N(N15)>0,L15=0),"Jobber visit, no hours logged",IF(AND(L15>0,N15=""),"Enter Jobber visits",IF(AND(L15>0,N(N15)=0),"Hours logged, no Jobber visit",IF(AND(O15<>"",ABS(N(P15))>0.5),"Hours differ from Jobber","")))))
A16: =IF(Staff!A12="","",Staff!A12) | B16: =IF($A16="","",SUMIFS('Hours Log'!$G$2:$G$2001,'Hours Log'!$B$2:$B$2001,$A16,'Hours Log'!$A$2:$A$2001,B$5)) | C16: =IF($A16="","",SUMIFS('Hours Log'!$G$2:$G$2001,'Hours Log'!$B$2:$B$2001,$A16,'Hours Log'!$A$2:$A$2001,C$5)) | D16: =IF($A16="","",SUMIFS('Hours Log'!$G$2:$G$2001,'Hours Log'!$B$2:$B$2001,$A16,'Hours Log'!$A$2:$A$2001,D$5)) | E16: =IF($A16="","",SUMIFS('Hours Log'!$G$2:$G$2001,'Hours Log'!$B$2:$B$2001,$A16,'Hours Log'!$A$2:$A$2001,E$5)) | F16: =IF($A16="","",SUMIFS('Hours Log'!$G$2:$G$2001,'Hours Log'!$B$2:$B$2001,$A16,'Hours Log'!$A$2:$A$2001,F$5)) | G16: =IF($A16="","",SUMIFS('Hours Log'!$G$2:$G$2001,'Hours Log'!$B$2:$B$2001,$A16,'Hours Log'!$A$2:$A$2001,G$5)) | H16: =IF($A16="","",SUMIFS('Hours Log'!$G$2:$G$2001,'Hours Log'!$B$2:$B$2001,$A16,'Hours Log'!$A$2:$A$2001,H$5)) | I16: =IF($A16="","",SUM(B16:H16)) | K16: =IF(Sites!A12="","",Sites!A12) | L16: =IF(K16="","",COUNTIFS('Hours Log'!$C$2:$C$2001,K16,'Hours Log'!$I$2:$I$2001,$B$3)) | M16: =IF(K16="","",SUMIFS('Hours Log'!$G$2:$G$2001,'Hours Log'!$C$2:$C$2001,K16,'Hours Log'!$I$2:$I$2001,$B$3)) | P16: =IF(OR(K16="",O16=""),"",M16-O16) | Q16: =IF(K16="","",IF(AND(N(N16)>0,L16=0),"Jobber visit, no hours logged",IF(AND(L16>0,N16=""),"Enter Jobber visits",IF(AND(L16>0,N(N16)=0),"Hours logged, no Jobber visit",IF(AND(O16<>"",ABS(N(P16))>0.5),"Hours differ from Jobber","")))))
A17: =IF(Staff!A13="","",Staff!A13) | B17: =IF($A17="","",SUMIFS('Hours Log'!$G$2:$G$2001,'Hours Log'!$B$2:$B$2001,$A17,'Hours Log'!$A$2:$A$2001,B$5)) | C17: =IF($A17="","",SUMIFS('Hours Log'!$G$2:$G$2001,'Hours Log'!$B$2:$B$2001,$A17,'Hours Log'!$A$2:$A$2001,C$5)) | D17: =IF($A17="","",SUMIFS('Hours Log'!$G$2:$G$2001,'Hours Log'!$B$2:$B$2001,$A17,'Hours Log'!$A$2:$A$2001,D$5)) | E17: =IF($A17="","",SUMIFS('Hours Log'!$G$2:$G$2001,'Hours Log'!$B$2:$B$2001,$A17,'Hours Log'!$A$2:$A$2001,E$5)) | F17: =IF($A17="","",SUMIFS('Hours Log'!$G$2:$G$2001,'Hours Log'!$B$2:$B$2001,$A17,'Hours Log'!$A$2:$A$2001,F$5)) | G17: =IF($A17="","",SUMIFS('Hours Log'!$G$2:$G$2001,'Hours Log'!$B$2:$B$2001,$A17,'Hours Log'!$A$2:$A$2001,G$5)) | H17: =IF($A17="","",SUMIFS('Hours Log'!$G$2:$G$2001,'Hours Log'!$B$2:$B$2001,$A17,'Hours Log'!$A$2:$A$2001,H$5)) | I17: =IF($A17="","",SUM(B17:H17)) | K17: =IF(Sites!A13="","",Sites!A13) | L17: =IF(K17="","",COUNTIFS('Hours Log'!$C$2:$C$2001,K17,'Hours Log'!$I$2:$I$2001,$B$3)) | M17: =IF(K17="","",SUMIFS('Hours Log'!$G$2:$G$2001,'Hours Log'!$C$2:$C$2001,K17,'Hours Log'!$I$2:$I$2001,$B$3)) | P17: =IF(OR(K17="",O17=""),"",M17-O17) | Q17: =IF(K17="","",IF(AND(N(N17)>0,L17=0),"Jobber visit, no hours logged",IF(AND(L17>0,N17=""),"Enter Jobber visits",IF(AND(L17>0,N(N17)=0),"Hours logged, no Jobber visit",IF(AND(O17<>"",ABS(N(P17))>0.5),"Hours differ from Jobber","")))))
... A105: =IF(Staff!A101="","",Staff!A101) | B105: =IF($A105="","",SUMIFS('Hours Log'!$G$2:$G$2001,'Hours Log'!$B$2:$B$2001,$A105,'Hours Log'!$A$2:$A$2001,B$5)) | C105: =IF($A105="","",SUMIFS('Hours Log'!$G$2:$G$2001,'Hours Log'!$B$2:$B$2001,$A105,'Hours Log'!$A$2:$A$2001,C$5)) | D105: =IF($A105="","",SUMIFS('Hours Log'!$G$2:$G$2001,'Hours Log'!$B$2:$B$2001,$A105,'Hours Log'!$A$2:$A$2001,D$5)) | E105: =IF($A105="","",SUMIFS('Hours Log'!$G$2:$G$2001,'Hours Log'!$B$2:$B$2001,$A105,'Hours Log'!$A$2:$A$2001,E$5)) | F105: =IF($A105="","",SUMIFS('Hours Log'!$G$2:$G$2001,'Hours Log'!$B$2:$B$2001,$A105,'Hours Log'!$A$2:$A$2001,F$5)) | G105: =IF($A105="","",SUMIFS('Hours Log'!$G$2:$G$2001,'Hours Log'!$B$2:$B$2001,$A105,'Hours Log'!$A$2:$A$2001,G$5)) | H105: =IF($A105="","",SUMIFS('Hours Log'!$G$2:$G$2001,'Hours Log'!$B$2:$B$2001,$A105,'Hours Log'!$A$2:$A$2001,H$5)) | I105: =IF($A105="","",SUM(B105:H105)) | K105: =IF(Sites!A101="","",Sites!A101) | L105: =IF(K105="","",COUNTIFS('Hours Log'!$C$2:$C$2001,K105,'Hours Log'!$I$2:$I$2001,$B$3)) | M105: =IF(K105="","",SUMIFS('Hours Log'!$G$2:$G$2001,'Hours Log'!$C$2:$C$2001,K105,'Hours Log'!$I$2:$I$2001,$B$3)) | P105: =IF(OR(K105="",O105=""),"",M105-O105) | Q105: =IF(K105="","",IF(AND(N(N105)>0,L105=0),"Jobber visit, no hours logged",IF(AND(L105>0,N105=""),"Enter Jobber visits",IF(AND(L105>0,N(N105)=0),"Hours logged, no Jobber visit",IF(AND(O105<>"",ABS(N(P105))>0.5),"Hours differ from Jobber","")))))
K106: =IF(Sites!A102="","",Sites!A102) | L106: =IF(K106="","",COUNTIFS('Hours Log'!$C$2:$C$2001,K106,'Hours Log'!$I$2:$I$2001,$B$3)) | M106: =IF(K106="","",SUMIFS('Hours Log'!$G$2:$G$2001,'Hours Log'!$C$2:$C$2001,K106,'Hours Log'!$I$2:$I$2001,$B$3)) | P106: =IF(OR(K106="",O106=""),"",M106-O106) | Q106: =IF(K106="","",IF(AND(N(N106)>0,L106=0),"Jobber visit, no hours logged",IF(AND(L106>0,N106=""),"Enter Jobber visits",IF(AND(L106>0,N(N106)=0),"Hours logged, no Jobber visit",IF(AND(O106<>"",ABS(N(P106))>0.5),"Hours differ from Jobber","")))))
K107: =IF(Sites!A103="","",Sites!A103) | L107: =IF(K107="","",COUNTIFS('Hours Log'!$C$2:$C$2001,K107,'Hours Log'!$I$2:$I$2001,$B$3)) | M107: =IF(K107="","",SUMIFS('Hours Log'!$G$2:$G$2001,'Hours Log'!$C$2:$C$2001,K107,'Hours Log'!$I$2:$I$2001,$B$3)) | P107: =IF(OR(K107="",O107=""),"",M107-O107) | Q107: =IF(K107="","",IF(AND(N(N107)>0,L107=0),"Jobber visit, no hours logged",IF(AND(L107>0,N107=""),"Enter Jobber visits",IF(AND(L107>0,N(N107)=0),"Hours logged, no Jobber visit",IF(AND(O107<>"",ABS(N(P107))>0.5),"Hours differ from Jobber","")))))
K108: =IF(Sites!A104="","",Sites!A104) | L108: =IF(K108="","",COUNTIFS('Hours Log'!$C$2:$C$2001,K108,'Hours Log'!$I$2:$I$2001,$B$3)) | M108: =IF(K108="","",SUMIFS('Hours Log'!$G$2:$G$2001,'Hours Log'!$C$2:$C$2001,K108,'Hours Log'!$I$2:$I$2001,$B$3)) | P108: =IF(OR(K108="",O108=""),"",M108-O108) | Q108: =IF(K108="","",IF(AND(N(N108)>0,L108=0),"Jobber visit, no hours logged",IF(AND(L108>0,N108=""),"Enter Jobber visits",IF(AND(L108>0,N(N108)=0),"Hours logged, no Jobber visit",IF(AND(O108<>"",ABS(N(P108))>0.5),"Hours differ from Jobber","")))))
K109: =IF(Sites!A105="","",Sites!A105) | L109: =IF(K109="","",COUNTIFS('Hours Log'!$C$2:$C$2001,K109,'Hours Log'!$I$2:$I$2001,$B$3)) | M109: =IF(K109="","",SUMIFS('Hours Log'!$G$2:$G$2001,'Hours Log'!$C$2:$C$2001,K109,'Hours Log'!$I$2:$I$2001,$B$3)) | P109: =IF(OR(K109="",O109=""),"",M109-O109) | Q109: =IF(K109="","",IF(AND(N(N109)>0,L109=0),"Jobber visit, no hours logged",IF(AND(L109>0,N109=""),"Enter Jobber visits",IF(AND(L109>0,N(N109)=0),"Hours logged, no Jobber visit",IF(AND(O109<>"",ABS(N(P109))>0.5),"Hours differ from Jobber","")))))
K110: =IF(Sites!A106="","",Sites!A106) | L110: =IF(K110="","",COUNTIFS('Hours Log'!$C$2:$C$2001,K110,'Hours Log'!$I$2:$I$2001,$B$3)) | M110: =IF(K110="","",SUMIFS('Hours Log'!$G$2:$G$2001,'Hours Log'!$C$2:$C$2001,K110,'Hours Log'!$I$2:$I$2001,$B$3)) | P110: =IF(OR(K110="",O110=""),"",M110-O110) | Q110: =IF(K110="","",IF(AND(N(N110)>0,L110=0),"Jobber visit, no hours logged",IF(AND(L110>0,N110=""),"Enter Jobber visits",IF(AND(L110>0,N(N110)=0),"Hours logged, no Jobber visit",IF(AND(O110<>"",ABS(N(P110))>0.5),"Hours differ from Jobber","")))))
K111: =IF(Sites!A107="","",Sites!A107) | L111: =IF(K111="","",COUNTIFS('Hours Log'!$C$2:$C$2001,K111,'Hours Log'!$I$2:$I$2001,$B$3)) | M111: =IF(K111="","",SUMIFS('Hours Log'!$G$2:$G$2001,'Hours Log'!$C$2:$C$2001,K111,'Hours Log'!$I$2:$I$2001,$B$3)) | P111: =IF(OR(K111="",O111=""),"",M111-O111) | Q111: =IF(K111="","",IF(AND(N(N111)>0,L111=0),"Jobber visit, no hours logged",IF(AND(L111>0,N111=""),"Enter Jobber visits",IF(AND(L111>0,N(N111)=0),"Hours logged, no Jobber visit",IF(AND(O111<>"",ABS(N(P111))>0.5),"Hours differ from Jobber","")))))
K112: =IF(Sites!A108="","",Sites!A108) | L112: =IF(K112="","",COUNTIFS('Hours Log'!$C$2:$C$2001,K112,'Hours Log'!$I$2:$I$2001,$B$3)) | M112: =IF(K112="","",SUMIFS('Hours Log'!$G$2:$G$2001,'Hours Log'!$C$2:$C$2001,K112,'Hours Log'!$I$2:$I$2001,$B$3)) | P112: =IF(OR(K112="",O112=""),"",M112-O112) | Q112: =IF(K112="","",IF(AND(N(N112)>0,L112=0),"Jobber visit, no hours logged",IF(AND(L112>0,N112=""),"Enter Jobber visits",IF(AND(L112>0,N(N112)=0),"Hours logged, no Jobber visit",IF(AND(O112<>"",ABS(N(P112))>0.5),"Hours differ from Jobber","")))))
K113: =IF(Sites!A109="","",Sites!A109) | L113: =IF(K113="","",COUNTIFS('Hours Log'!$C$2:$C$2001,K113,'Hours Log'!$I$2:$I$2001,$B$3)) | M113: =IF(K113="","",SUMIFS('Hours Log'!$G$2:$G$2001,'Hours Log'!$C$2:$C$2001,K113,'Hours Log'!$I$2:$I$2001,$B$3)) | P113: =IF(OR(K113="",O113=""),"",M113-O113) | Q113: =IF(K113="","",IF(AND(N(N113)>0,L113=0),"Jobber visit, no hours logged",IF(AND(L113>0,N113=""),"Enter Jobber visits",IF(AND(L113>0,N(N113)=0),"Hours logged, no Jobber visit",IF(AND(O113<>"",ABS(N(P113))>0.5),"Hours differ from Jobber","")))))
K114: =IF(Sites!A110="","",Sites!A110) | L114: =IF(K114="","",COUNTIFS('Hours Log'!$C$2:$C$2001,K114,'Hours Log'!$I$2:$I$2001,$B$3)) | M114: =IF(K114="","",SUMIFS('Hours Log'!$G$2:$G$2001,'Hours Log'!$C$2:$C$2001,K114,'Hours Log'!$I$2:$I$2001,$B$3)) | P114: =IF(OR(K114="",O114=""),"",M114-O114) | Q114: =IF(K114="","",IF(AND(N(N114)>0,L114=0),"Jobber visit, no hours logged",IF(AND(L114>0,N114=""),"Enter Jobber visits",IF(AND(L114>0,N(N114)=0),"Hours logged, no Jobber visit",IF(AND(O114<>"",ABS(N(P114))>0.5),"Hours differ from Jobber","")))))
K115: =IF(Sites!A111="","",Sites!A111) | L115: =IF(K115="","",COUNTIFS('Hours Log'!$C$2:$C$2001,K115,'Hours Log'!$I$2:$I$2001,$B$3)) | M115: =IF(K115="","",SUMIFS('Hours Log'!$G$2:$G$2001,'Hours Log'!$C$2:$C$2001,K115,'Hours Log'!$I$2:$I$2001,$B$3)) | P115: =IF(OR(K115="",O115=""),"",M115-O115) | Q115: =IF(K115="","",IF(AND(N(N115)>0,L115=0),"Jobber visit, no hours logged",IF(AND(L115>0,N115=""),"Enter Jobber visits",IF(AND(L115>0,N(N115)=0),"Hours logged, no Jobber visit",IF(AND(O115<>"",ABS(N(P115))>0.5),"Hours differ from Jobber","")))))
K116: =IF(Sites!A112="","",Sites!A112) | L116: =IF(K116="","",COUNTIFS('Hours Log'!$C$2:$C$2001,K116,'Hours Log'!$I$2:$I$2001,$B$3)) | M116: =IF(K116="","",SUMIFS('Hours Log'!$G$2:$G$2001,'Hours Log'!$C$2:$C$2001,K116,'Hours Log'!$I$2:$I$2001,$B$3)) | P116: =IF(OR(K116="",O116=""),"",M116-O116) | Q116: =IF(K116="","",IF(AND(N(N116)>0,L116=0),"Jobber visit, no hours logged",IF(AND(L116>0,N116=""),"Enter Jobber visits",IF(AND(L116>0,N(N116)=0),"Hours logged, no Jobber visit",IF(AND(O116<>"",ABS(N(P116))>0.5),"Hours differ from Jobber","")))))
K117: =IF(Sites!A113="","",Sites!A113) | L117: =IF(K117="","",COUNTIFS('Hours Log'!$C$2:$C$2001,K117,'Hours Log'!$I$2:$I$2001,$B$3)) | M117: =IF(K117="","",SUMIFS('Hours Log'!$G$2:$G$2001,'Hours Log'!$C$2:$C$2001,K117,'Hours Log'!$I$2:$I$2001,$B$3)) | P117: =IF(OR(K117="",O117=""),"",M117-O117) | Q117: =IF(K117="","",IF(AND(N(N117)>0,L117=0),"Jobber visit, no hours logged",IF(AND(L117>0,N117=""),"Enter Jobber visits",IF(AND(L117>0,N(N117)=0),"Hours logged, no Jobber visit",IF(AND(O117<>"",ABS(N(P117))>0.5),"Hours differ from Jobber","")))))
... K505: =IF(Sites!A501="","",Sites!A501) | L505: =IF(K505="","",COUNTIFS('Hours Log'!$C$2:$C$2001,K505,'Hours Log'!$I$2:$I$2001,$B$3)) | M505: =IF(K505="","",SUMIFS('Hours Log'!$G$2:$G$2001,'Hours Log'!$C$2:$C$2001,K505,'Hours Log'!$I$2:$I$2001,$B$3)) | P505: =IF(OR(K505="",O505=""),"",M505-O505) | Q505: =IF(K505="","",IF(AND(N(N505)>0,L505=0),"Jobber visit, no hours logged",IF(AND(L505>0,N505=""),"Enter Jobber visits",IF(AND(L505>0,N(N505)=0),"Hours logged, no Jobber visit",IF(AND(O505<>"",ABS(N(P505))>0.5),"Hours differ from Jobber","")))))
